400;0.3;0.9;0.5;[0.6499999999999999, 0.4000000000000001, 0.4000000000000001, 0.4000000000000001, 0.5, 0.5, 0.5, 0.5]
401;0.4;0.9;0.5;[0.6499999999999999, 0.4000000000000001, 0.4000000000000001, 0.4000000000000001, 0.5, 0.5, 0.5, 0.5, 0.5, 0.5]
402;0.5;0.9;0.5;[0.6499999999999999, 0.4000000000000001, 0.4000000000000001, 0.4000000000000001, 0.5, 0.5, 0.5, 0.5, 0.5, 0.5]
403;0.3;0.8;0.5;[0.6499999999999999, 0.4000000000000001, 0.4000000000000001, 0.4000000000000001, 0.5, 0.5, 0.5, 0.5]
404;0.4;0.8;0.5;[0.6499999999999999, 0.4000000000000001, 0.4000000000000001, 0.4000000000000001, 0.5, 0.5, 0.5, 0.5, 0.5, 0.5]
405;0.5;0.8;0.5;[0.6499999999999999, 0.4000000000000001, 0.4000000000000001, 0.4000000000000001, 0.5, 0.5, 0.5, 0.5, 0.5, 0.5]
406;0.3;0.7000000000000001;0.5;[0.6499999999999999, 0.4000000000000001, 0.4000000000000001, 0.4000000000000001, 0.5, 0.5, 0.5, 0.5]
407;0.4;0.7000000000000001;0.5;[0.6499999999999999, 0.4000000000000001, 0.4000000000000001, 0.4000000000000001, 0.5, 0.5, 0.5, 0.5, 0.5, 0.5]
408;0.5;0.7000000000000001;0.5;[0.6499999999999999, 0.4000000000000001, 0.4000000000000001, 0.4000000000000001, 0.5, 0.5, 0.5, 0.5, 0.5, 0.5]
409;0.3;0.6000000000000001;0.5;[0.6499999999999999, 0.4000000000000001, 0.4000000000000001, 0.4000000000000001, 0.5, 0.5, 0.5, 0.5]
410;0.4;0.6000000000000001;0.5;[0.6499999999999999, 0.4000000000000001, 0.4000000000000001, 0.4000000000000001, 0.5, 0.5, 0.5, 0.5, 0.5]
411;0.5;0.6000000000000001;0.5;[0.6499999999999999, 0.4000000000000001, 0.4000000000000001, 0.4000000000000001, 0.5, 0.5, 0.5, 0.5, 0.5]
412;0.3;0.9;0.6499999999999999;[0.6499999999999999, 0.4000000000000001, 0.6499999999999999, 0.6499999999999999, 0.6499999999999999]
413;0.4;0.9;0.6499999999999999;[0.6499999999999999, 0.4000000000000001, 0.6499999999999999, 0.6499999999999999, 0.6499999999999999]
414;0.5;0.9;0.6499999999999999;[0.6499999999999999, 0.4000000000000001, 0.6499999999999999, 0.6499999999999999, 0.6499999999999999, 0.6499999999999999, 0.6499999999999999]
415;0.3;0.8;0.6499999999999999;[0.6499999999999999, 0.4000000000000001, 0.6499999999999999, 0.6499999999999999, 0.6499999999999999]
416;0.4;0.8;0.6499999999999999;[0.6499999999999999, 0.4000000000000001, 0.6499999999999999, 0.6499999999999999, 0.6499999999999999]
417;0.5;0.8;0.6499999999999999;[0.6499999999999999, 0.4000000000000001, 0.6499999999999999, 0.6499999999999999, 0.6499999999999999, 0.6499999999999999, 0.6499999999999999]
418;0.3;0.7000000000000001;0.6499999999999999;[0.6499999999999999, 0.4000000000000001, 0.6499999999999999, 0.6499999999999999, 0.6499999999999999]
419;0.4;0.7000000000000001;0.6499999999999999;[0.6499999999999999, 0.4000000000000001, 0.6499999999999999, 0.6499999999999999, 0.6499999999999999]
420;0.5;0.7000000000000001;0.6499999999999999;[0.6499999999999999, 0.4000000000000001, 0.6499999999999999, 0.6499999999999999, 0.6499999999999999, 0.6499999999999999, 0.6499999999999999]
421;0.3;0.6000000000000001;0.6499999999999999;[0.6499999999999999, 0.4000000000000001, 0.6499999999999999, 0.6499999999999999, 0.6499999999999999]
422;0.4;0.6000000000000001;0.6499999999999999;[0.6499999999999999, 0.4000000000000001, 0.6499999999999999, 0.6499999999999999, 0.6499999999999999]
423;0.5;0.6000000000000001;0.6499999999999999;[0.6499999999999999, 0.4000000000000001, 0.6499999999999999, 0.6499999999999999, 0.6499999999999999, 0.6499999999999999, 0.6499999999999999]
424;0.3;0.9;0.4000000000000001;[0.6499999999999999, 0.4000000000000001, 0.4000000000000001, 0.4000000000000001, 0.4000000000000001, 0.4000000000000001]
425;0.4;0.9;0.4000000000000001;[0.6499999999999999, 0.4000000000000001, 0.4000000000000001, 0.4000000000000001, 0.4000000000000001, 0.4000000000000001]
426;0.5;0.9;0.4000000000000001;[0.6499999999999999, 0.4000000000000001, 0.4000000000000001, 0.4000000000000001, 0.4000000000000001, 0.4000000000000001]
427;0.3;0.8;0.4000000000000001;[0.6499999999999999, 0.4000000000000001, 0.4000000000000001, 0.4000000000000001, 0.4000000000000001, 0.4000000000000001]
428;0.4;0.8;0.4000000000000001;[0.6499999999999999, 0.4000000000000001, 0.4000000000000001, 0.4000000000000001, 0.4000000000000001, 0.4000000000000001]
429;0.5;0.8;0.4000000000000001;[0.6499999999999999, 0.4000000000000001, 0.4000000000000001, 0.4000000000000001, 0.4000000000000001, 0.4000000000000001]
430;0.3;0.7000000000000001;0.4000000000000001;[0.6499999999999999, 0.4000000000000001, 0.4000000000000001, 0.4000000000000001, 0.4000000000000001, 0.4000000000000001]
431;0.4;0.7000000000000001;0.4000000000000001;[0.6499999999999999, 0.4000000000000001, 0.4000000000000001, 0.4000000000000001, 0.4000000000000001, 0.4000000000000001]
432;0.5;0.7000000000000001;0.4000000000000001;[0.6499999999999999, 0.4000000000000001, 0.4000000000000001, 0.4000000000000001, 0.4000000000000001, 0.4000000000000001]
433;0.3;0.6000000000000001;0.4000000000000001;[0.6499999999999999, 0.4000000000000001, 0.4000000000000001, 0.4000000000000001, 0.4000000000000001, 0.4000000000000001]
434;0.4;0.6000000000000001;0.4000000000000001;[0.6499999999999999, 0.4000000000000001, 0.4000000000000001, 0.4000000000000001, 0.4000000000000001, 0.4000000000000001]
435;0.5;0.6000000000000001;0.4000000000000001;[0.6499999999999999, 0.4000000000000001, 0.4000000000000001, 0.4000000000000001, 0.4000000000000001, 0.4000000000000001]
436;0.3;0.9;0.6499999999999999;[0.6499999999999999, 0.6499999999999999, 0.6499999999999999, 0.6499999999999999, 0.6499999999999999]
437;0.4;0.9;0.6499999999999999;[0.6499999999999999, 0.6499999999999999, 0.6499999999999999, 0.6499999999999999, 0.6499999999999999]
438;0.5;0.9;0.6499999999999999;[0.6499999999999999, 0.6499999999999999, 0.6499999999999999, 0.6499999999999999, 0.6499999999999999, 0.6499999999999999, 0.6499999999999999]
439;0.3;0.8;0.6499999999999999;[0.6499999999999999, 0.6499999999999999, 0.6499999999999999, 0.6499999999999999, 0.6499999999999999]
440;0.4;0.8;0.6499999999999999;[0.6499999999999999, 0.6499999999999999, 0.6499999999999999, 0.6499999999999999, 0.6499999999999999]
441;0.5;0.8;0.6499999999999999;[0.6499999999999999, 0.6499999999999999, 0.6499999999999999, 0.6499999999999999, 0.6499999999999999, 0.6499999999999999, 0.6499999999999999]
442;0.3;0.7000000000000001;0.6499999999999999;[0.6499999999999999, 0.6499999999999999, 0.6499999999999999, 0.6499999999999999, 0.6499999999999999]
443;0.4;0.7000000000000001;0.6499999999999999;[0.6499999999999999, 0.6499999999999999, 0.6499999999999999, 0.6499999999999999, 0.6499999999999999]
444;0.5;0.7000000000000001;0.6499999999999999;[0.6499999999999999, 0.6499999999999999, 0.6499999999999999, 0.6499999999999999, 0.6499999999999999, 0.6499999999999999, 0.6499999999999999]
445;0.3;0.6000000000000001;0.6499999999999999;[0.6499999999999999, 0.6499999999999999, 0.6499999999999999, 0.6499999999999999, 0.6499999999999999]
446;0.4;0.6000000000000001;0.6499999999999999;[0.6499999999999999, 0.6499999999999999, 0.6499999999999999, 0.6499999999999999, 0.6499999999999999]
447;0.5;0.6000000000000001;0.6499999999999999;[0.6499999999999999, 0.6499999999999999, 0.6499999999999999, 0.6499999999999999, 0.6499999999999999, 0.6499999999999999, 0.6499999999999999]
448;0.3;0.9;0.5;[0.6499999999999999, 0.4000000000000001, 0.4000000000000001, 0.4000000000000001, 0.5, 0.5, 0.5, 0.5]
449;0.4;0.9;0.5;[0.6499999999999999, 0.4000000000000001, 0.4000000000000001, 0.4000000000000001, 0.5, 0.5, 0.5, 0.5]
450;0.5;0.9;0.5;[0.6499999999999999, 0.4000000000000001, 0.4000000000000001, 0.4000000000000001, 0.5, 0.5, 0.5, 0.5, 0.5, 0.5]
451;0.3;0.8;0.35;[0.6499999999999999, 0.4000000000000001, 0.4000000000000001, 0.4000000000000001, 0.35, 0.35, 0.35]
452;0.4;0.8;0.35;[0.6499999999999999, 0.4000000000000001, 0.4000000000000001, 0.4000000000000001, 0.35, 0.35, 0.35]
453;0.5;0.8;0.35;[0.6499999999999999, 0.4000000000000001, 0.4000000000000001, 0.4000000000000001, 0.35, 0.35, 0.35]
454;0.3;0.7000000000000001;0.35;[0.6499999999999999, 0.4000000000000001, 0.4000000000000001, 0.4000000000000001, 0.35, 0.35, 0.35]
455;0.4;0.7000000000000001;0.35;[0.6499999999999999, 0.4000000000000001, 0.4000000000000001, 0.4000000000000001, 0.35, 0.35, 0.35]
456;0.5;0.7000000000000001;0.35;[0.6499999999999999, 0.4000000000000001, 0.4000000000000001, 0.4000000000000001, 0.35, 0.35, 0.35]
457;0.3;0.6000000000000001;0.35;[0.6499999999999999, 0.4000000000000001, 0.4000000000000001, 0.4000000000000001, 0.35, 0.35, 0.35]
458;0.4;0.6000000000000001;0.35;[0.6499999999999999, 0.4000000000000001, 0.4000000000000001, 0.4000000000000001, 0.35, 0.35, 0.35]
459;0.5;0.6000000000000001;0.35;[0.6499999999999999, 0.4000000000000001, 0.4000000000000001, 0.4000000000000001, 0.35, 0.35, 0.35]
460;0.3;0.9;0.6499999999999999;[0.6499999999999999, 0.4000000000000001, 0.6499999999999999, 0.6499999999999999, 0.6499999999999999]
461;0.4;0.9;0.6499999999999999;[0.6499999999999999, 0.4000000000000001, 0.6499999999999999, 0.6499999999999999, 0.6499999999999999, 0.6499999999999999, 0.6499999999999999]
462;0.5;0.9;0.6499999999999999;[0.6499999999999999, 0.4000000000000001, 0.6499999999999999, 0.6499999999999999, 0.6499999999999999, 0.6499999999999999, 0.6499999999999999]
463;0.3;0.8;0.6499999999999999;[0.6499999999999999, 0.4000000000000001, 0.6499999999999999, 0.6499999999999999, 0.6499999999999999]
464;0.4;0.8;0.6499999999999999;[0.6499999999999999, 0.4000000000000001, 0.6499999999999999, 0.6499999999999999, 0.6499999999999999, 0.6499999999999999, 0.6499999999999999]
465;0.5;0.8;0.6499999999999999;[0.6499999999999999, 0.4000000000000001, 0.6499999999999999, 0.6499999999999999, 0.6499999999999999, 0.6499999999999999, 0.6499999999999999]
466;0.3;0.7000000000000001;0.6499999999999999;[0.6499999999999999, 0.4000000000000001, 0.6499999999999999, 0.6499999999999999, 0.6499999999999999]
467;0.4;0.7000000000000001;0.6499999999999999;[0.6499999999999999, 0.4000000000000001, 0.6499999999999999, 0.6499999999999999, 0.6499999999999999, 0.6499999999999999, 0.6499999999999999]
468;0.5;0.7000000000000001;0.6499999999999999;[0.6499999999999999, 0.4000000000000001, 0.6499999999999999, 0.6499999999999999, 0.6499999999999999, 0.6499999999999999, 0.6499999999999999]
469;0.3;0.6000000000000001;0.6499999999999999;[0.6499999999999999, 0.4000000000000001, 0.6499999999999999, 0.6499999999999999, 0.6499999999999999]
470;0.4;0.6000000000000001;0.6499999999999999;[0.6499999999999999, 0.4000000000000001, 0.6499999999999999, 0.6499999999999999, 0.6499999999999999, 0.6499999999999999, 0.6499999999999999]
471;0.5;0.6000000000000001;0.6499999999999999;[0.6499999999999999, 0.4000000000000001, 0.6499999999999999, 0.6499999999999999, 0.6499999999999999, 0.6499999999999999, 0.6499999999999999]
472;0.3;0.9;0.5;[0.6499999999999999, 0.4000000000000001, 0.4000000000000001, 0.4000000000000001, 0.5, 0.5, 0.5, 0.5]
473;0.4;0.9;0.5;[0.6499999999999999, 0.4000000000000001, 0.4000000000000001, 0.4000000000000001, 0.5, 0.5, 0.5, 0.5]
474;0.5;0.9;0.5;[0.6499999999999999, 0.4000000000000001, 0.4000000000000001, 0.4000000000000001, 0.5, 0.5, 0.5, 0.5, 0.5, 0.5]
475;0.3;0.8;0.5;[0.6499999999999999, 0.4000000000000001, 0.4000000000000001, 0.4000000000000001, 0.5, 0.5, 0.5, 0.5]
476;0.4;0.8;0.5;[0.6499999999999999, 0.4000000000000001, 0.4000000000000001, 0.4000000000000001, 0.5, 0.5, 0.5, 0.5]
477;0.5;0.8;0.5;[0.6499999999999999, 0.4000000000000001, 0.4000000000000001, 0.4000000000000001, 0.5, 0.5, 0.5, 0.5, 0.5, 0.5]
478;0.3;0.7000000000000001;0.5;[0.6499999999999999, 0.4000000000000001, 0.4000000000000001, 0.4000000000000001, 0.5, 0.5, 0.5, 0.5]
479;0.4;0.7000000000000001;0.5;[0.6499999999999999, 0.4000000000000001, 0.4000000000000001, 0.4000000000000001, 0.5, 0.5, 0.5, 0.5]
480;0.5;0.7000000000000001;0.5;[0.6499999999999999, 0.4000000000000001, 0.4000000000000001, 0.4000000000000001, 0.5, 0.5, 0.5, 0.5, 0.5, 0.5]
481;0.3;0.6000000000000001;0.35;[0.6499999999999999, 0.4000000000000001, 0.4000000000000001, 0.4000000000000001, 0.35, 0.35, 0.35]
482;0.4;0.6000000000000001;0.35;[0.6499999999999999, 0.4000000000000001, 0.4000000000000001, 0.4000000000000001, 0.35, 0.35, 0.35]
483;0.5;0.6000000000000001;0.35;[0.6499999999999999, 0.4000000000000001, 0.4000000000000001, 0.4000000000000001, 0.35, 0.35, 0.35]
484;0.3;0.9;0.6499999999999999;[0.6499999999999999, 0.6499999999999999, 0.6499999999999999]
485;0.4;0.9;0.6499999999999999;[0.6499999999999999, 0.6499999999999999, 0.6499999999999999, 0.6499999999999999, 0.6499999999999999]
486;0.5;0.9;0.6499999999999999;[0.6499999999999999, 0.6499999999999999, 0.6499999999999999, 0.6499999999999999, 0.6499999999999999]
487;0.3;0.8;0.6499999999999999;[0.6499999999999999, 0.6499999999999999, 0.6499999999999999]
488;0.4;0.8;0.6499999999999999;[0.6499999999999999, 0.6499999999999999, 0.6499999999999999, 0.6499999999999999, 0.6499999999999999]
489;0.5;0.8;0.6499999999999999;[0.6499999999999999, 0.6499999999999999, 0.6499999999999999, 0.6499999999999999, 0.6499999999999999]
490;0.3;0.7000000000000001;0.6499999999999999;[0.6499999999999999, 0.6499999999999999, 0.6499999999999999]
491;0.4;0.7000000000000001;0.6499999999999999;[0.6499999999999999, 0.6499999999999999, 0.6499999999999999, 0.6499999999999999, 0.6499999999999999]
492;0.5;0.7000000000000001;0.6499999999999999;[0.6499999999999999, 0.6499999999999999, 0.6499999999999999, 0.6499999999999999, 0.6499999999999999]
493;0.3;0.6000000000000001;0.6499999999999999;[0.6499999999999999, 0.6499999999999999, 0.6499999999999999]
494;0.4;0.6000000000000001;0.6499999999999999;[0.6499999999999999, 0.6499999999999999, 0.6499999999999999, 0.6499999999999999, 0.6499999999999999]
495;0.5;0.6000000000000001;0.6499999999999999;[0.6499999999999999, 0.6499999999999999, 0.6499999999999999, 0.6499999999999999, 0.6499999999999999]
496;0.3;0.9;0.6499999999999999;[0.6499999999999999, 0.4000000000000001, 0.6499999999999999, 0.6499999999999999, 0.6499999999999999]
497;0.4;0.9;0.6499999999999999;[0.6499999999999999, 0.4000000000000001, 0.6499999999999999, 0.6499999999999999, 0.6499999999999999]
498;0.5;0.9;0.6499999999999999;[0.6499999999999999, 0.4000000000000001, 0.6499999999999999, 0.6499999999999999, 0.6499999999999999, 0.6499999999999999, 0.6499999999999999]
499;0.3;0.8;0.6499999999999999;[0.6499999999999999, 0.4000000000000001, 0.6499999999999999, 0.6499999999999999, 0.6499999999999999]
500;0.4;0.8;0.6499999999999999;[0.6499999999999999, 0.4000000000000001, 0.6499999999999999, 0.6499999999999999, 0.6499999999999999]
501;0.5;0.8;0.6499999999999999;[0.6499999999999999, 0.4000000000000001, 0.6499999999999999, 0.6499999999999999, 0.6499999999999999, 0.6499999999999999, 0.6499999999999999]
502;0.3;0.7000000000000001;0.6499999999999999;[0.6499999999999999, 0.4000000000000001, 0.6499999999999999, 0.6499999999999999, 0.6499999999999999]
503;0.4;0.7000000000000001;0.6499999999999999;[0.6499999999999999, 0.4000000000000001, 0.6499999999999999, 0.6499999999999999, 0.6499999999999999]
504;0.5;0.7000000000000001;0.6499999999999999;[0.6499999999999999, 0.4000000000000001, 0.6499999999999999, 0.6499999999999999, 0.6499999999999999, 0.6499999999999999, 0.6499999999999999]
505;0.3;0.6000000000000001;0.6499999999999999;[0.6499999999999999, 0.4000000000000001, 0.6499999999999999, 0.6499999999999999, 0.6499999999999999]
506;0.4;0.6000000000000001;0.6499999999999999;[0.6499999999999999, 0.4000000000000001, 0.6499999999999999, 0.6499999999999999, 0.6499999999999999]
507;0.5;0.6000000000000001;0.6499999999999999;[0.6499999999999999, 0.4000000000000001, 0.6499999999999999, 0.6499999999999999, 0.6499999999999999, 0.6499999999999999, 0.6499999999999999]
401;0.9;0.3;0.75;[0.75, 0.75, 0.75, 0.75]
402;0.9;0.4;0.75;[0.75, 0.75, 0.75, 0.75]
403;0.9;0.5;0.75;[0.75, 0.75, 0.75, 0.75]
404;0.8;0.3;0.75;[0.75, 0.75, 0.75, 0.75]
405;0.8;0.4;0.75;[0.75, 0.75, 0.75, 0.75]
406;0.8;0.5;0.75;[0.75, 0.75, 0.75, 0.75]
407;0.7000000000000001;0.3;0.75;[0.75, 0.75, 0.75]
408;0.7000000000000001;0.4;0.75;[0.75, 0.75, 0.75]
409;0.7000000000000001;0.5;0.75;[0.75, 0.75, 0.75]
410;0.6000000000000001;0.3;0.75;[0.75, 0.75, 0.75]
411;0.6000000000000001;0.4;0.75;[0.75, 0.75, 0.75]
412;0.6000000000000001;0.5;0.75;[0.75, 0.75, 0.75]
413;0.9;0.3;0.75;[0.75, 0.75, 0.75, 0.75]
414;0.9;0.4;0.75;[0.75, 0.75, 0.75, 0.75]
415;0.9;0.5;0.75;[0.75, 0.75, 0.75, 0.75]
416;0.8;0.3;0.75;[0.75, 0.75, 0.75, 0.75]
417;0.8;0.4;0.75;[0.75, 0.75, 0.75, 0.75]
418;0.8;0.5;0.75;[0.75, 0.75, 0.75, 0.75]
419;0.7000000000000001;0.3;0.75;[0.75, 0.75, 0.75]
420;0.7000000000000001;0.4;0.75;[0.75, 0.75, 0.75]
421;0.7000000000000001;0.5;0.75;[0.75, 0.75, 0.75]
422;0.6000000000000001;0.3;0.75;[0.75, 0.75, 0.75]
423;0.6000000000000001;0.4;0.75;[0.75, 0.75, 0.75]
424;0.6000000000000001;0.5;0.75;[0.75, 0.75, 0.75]
425;0.9;0.3;0.75;[0.75, 0.75, 0.75, 0.75]
426;0.9;0.4;0.75;[0.75, 0.75, 0.75, 0.75]
427;0.9;0.5;0.75;[0.75, 0.75, 0.75, 0.75]
428;0.8;0.3;0.75;[0.75, 0.75, 0.75, 0.75]
429;0.8;0.4;0.75;[0.75, 0.75, 0.75, 0.75]
430;0.8;0.5;0.75;[0.75, 0.75, 0.75, 0.75]
431;0.7000000000000001;0.3;0.75;[0.75, 0.75, 0.75, 0.75]
432;0.7000000000000001;0.4;0.75;[0.75, 0.75, 0.75, 0.75]
433;0.7000000000000001;0.5;0.75;[0.75, 0.75, 0.75, 0.75]
434;0.6000000000000001;0.3;0.75;[0.75, 0.75, 0.75, 0.75]
435;0.6000000000000001;0.4;0.75;[0.75, 0.75, 0.75, 0.75]
436;0.6000000000000001;0.5;0.75;[0.75, 0.75, 0.75, 0.75]
437;0.9;0.3;0.75;[0.75, 0.75, 0.75]
438;0.9;0.4;0.75;[0.75, 0.75, 0.75]
439;0.9;0.5;0.75;[0.75, 0.75, 0.75]
440;0.8;0.3;0.75;[0.75, 0.75, 0.75]
441;0.8;0.4;0.75;[0.75, 0.75, 0.75]
442;0.8;0.5;0.75;[0.75, 0.75, 0.75]
443;0.7000000000000001;0.3;0.75;[0.75, 0.75, 0.75]
444;0.7000000000000001;0.4;0.75;[0.75, 0.75, 0.75]
445;0.7000000000000001;0.5;0.75;[0.75, 0.75, 0.75]
446;0.6000000000000001;0.3;0.75;[0.75, 0.75, 0.75]
447;0.6000000000000001;0.4;0.75;[0.75, 0.75, 0.75]
448;0.6000000000000001;0.5;0.75;[0.75, 0.75, 0.75]
449;0.9;0.3;1.0;[1.0, 1.0, 1.0]
450;0.9;0.4;0.09999999999999998;[0.09999999999999998, 0.09999999999999998, 0.09999999999999998]
451;0.9;0.5;0.09999999999999998;[0.09999999999999998, 0.09999999999999998, 0.09999999999999998]
452;0.8;0.3;0.09999999999999998;[0.09999999999999998, 0.09999999999999998, 0.09999999999999998]
453;0.8;0.4;0.19999999999999996;[0.19999999999999996, 0.19999999999999996, 0.19999999999999996]
454;0.8;0.5;0.19999999999999996;[0.19999999999999996, 0.19999999999999996, 0.19999999999999996]
455;0.7000000000000001;0.3;0.19999999999999996;[0.19999999999999996, 0.19999999999999996, 0.19999999999999996]
456;0.7000000000000001;0.4;0.29999999999999993;[0.29999999999999993, 0.29999999999999993, 0.29999999999999993]
457;0.7000000000000001;0.5;0.29999999999999993;[0.29999999999999993, 0.29999999999999993, 0.29999999999999993]
458;0.6000000000000001;0.3;0.29999999999999993;[0.29999999999999993, 0.29999999999999993, 0.29999999999999993]
459;0.6000000000000001;0.4;0.3999999999999999;[0.3999999999999999, 0.3999999999999999, 0.3999999999999999]
460;0.6000000000000001;0.5;0.3999999999999999;[0.3999999999999999, 0.3999999999999999, 0.3999999999999999]
461;0.9;0.3;0.75;[0.75, 0.75, 0.75, 0.75, 0.75]
462;0.9;0.4;0.75;[0.75, 0.75, 0.75, 0.75, 0.75]
463;0.9;0.5;0.75;[0.75, 0.75, 0.75, 0.75, 0.75]
464;0.8;0.3;0.75;[0.75, 0.75, 0.75, 0.75, 0.75]
465;0.8;0.4;0.75;[0.75, 0.75, 0.75, 0.75, 0.75]
466;0.8;0.5;0.75;[0.75, 0.75, 0.75, 0.75, 0.75]
467;0.7000000000000001;0.3;0.75;[0.75, 0.75, 0.75, 0.75]
468;0.7000000000000001;0.4;0.75;[0.75, 0.75, 0.75, 0.75]
469;0.7000000000000001;0.5;0.75;[0.75, 0.75, 0.75, 0.75]
470;0.6000000000000001;0.3;0.75;[0.75, 0.75, 0.75, 0.75]
471;0.6000000000000001;0.4;0.75;[0.75, 0.75, 0.75, 0.75]
472;0.6000000000000001;0.5;0.75;[0.75, 0.75, 0.75, 0.75]
473;0.9;0.3;0.75;[0.75, 0.75, 0.75, 0.75]
474;0.9;0.4;0.75;[0.75, 0.75, 0.75, 0.75]
475;0.9;0.5;0.75;[0.75, 0.75, 0.75, 0.75]
476;0.8;0.3;0.75;[0.75, 0.75, 0.75, 0.75]
477;0.8;0.4;0.75;[0.75, 0.75, 0.75, 0.75]
478;0.8;0.5;0.75;[0.75, 0.75, 0.75, 0.75]
479;0.7000000000000001;0.3;0.75;[0.75, 0.75, 0.75, 0.75]
480;0.7000000000000001;0.4;0.75;[0.75, 0.75, 0.75, 0.75]
481;0.7000000000000001;0.5;0.75;[0.75, 0.75, 0.75, 0.75]
482;0.6000000000000001;0.3;0.75;[0.75, 0.75, 0.75]
483;0.6000000000000001;0.4;0.75;[0.75, 0.75, 0.75]
484;0.6000000000000001;0.5;0.75;[0.75, 0.75, 0.75]
485;0.9;0.3;0.75;[0.75, 0.75, 0.75, 0.75]
486;0.9;0.4;0.75;[0.75, 0.75, 0.75, 0.75]
487;0.9;0.5;0.75;[0.75, 0.75, 0.75, 0.75]
488;0.8;0.3;0.75;[0.75, 0.75, 0.75, 0.75]
489;0.8;0.4;0.75;[0.75, 0.75, 0.75, 0.75]
490;0.8;0.5;0.75;[0.75, 0.75, 0.75, 0.75]
491;0.7000000000000001;0.3;0.75;[0.75, 0.75, 0.75]
492;0.7000000000000001;0.4;0.75;[0.75, 0.75, 0.75]
493;0.7000000000000001;0.5;0.75;[0.75, 0.75, 0.75]
494;0.6000000000000001;0.3;0.75;[0.75, 0.75, 0.75]
495;0.6000000000000001;0.4;0.75;[0.75, 0.75, 0.75]
496;0.6000000000000001;0.5;0.75;[0.75, 0.75, 0.75]
497;0.9;0.3;0.75;[0.75, 0.75, 0.75, 0.75, 0.75]
498;0.9;0.4;0.75;[0.75, 0.75, 0.75, 0.75, 0.75]
499;0.9;0.5;0.75;[0.75, 0.75, 0.75, 0.75, 0.75]
500;0.8;0.3;0.75;[0.75, 0.75, 0.75]
501;0.8;0.4;0.75;[0.75, 0.75, 0.75]
502;0.8;0.5;0.75;[0.75, 0.75, 0.75]
503;0.7000000000000001;0.3;0.75;[0.75, 0.75, 0.75]
504;0.7000000000000001;0.4;0.75;[0.75, 0.75, 0.75]
505;0.7000000000000001;0.5;0.75;[0.75, 0.75, 0.75]
506;0.6000000000000001;0.3;0.75;[0.75, 0.75, 0.75]
507;0.6000000000000001;0.4;0.75;[0.75, 0.75, 0.75]
508;0.6000000000000001;0.5;0.75;[0.75, 0.75, 0.75]
509;0.9;0.3;0.75;[0.75, 0.75, 0.75, 0.75]
510;0.9;0.4;0.75;[0.75, 0.75, 0.75, 0.75]
511;0.9;0.5;0.75;[0.75, 0.75, 0.75, 0.75]
512;0.8;0.3;0.75;[0.75, 0.75, 0.75, 0.75]
513;0.8;0.4;0.75;[0.75, 0.75, 0.75, 0.75]
514;0.8;0.5;0.75;[0.75, 0.75, 0.75, 0.75]
515;0.7000000000000001;0.3;0.75;[0.75, 0.75, 0.75, 0.75]
516;0.7000000000000001;0.4;0.75;[0.75, 0.75, 0.75, 0.75]
517;0.7000000000000001;0.5;0.75;[0.75, 0.75, 0.75, 0.75]
518;0.6000000000000001;0.3;0.75;[0.75, 0.75, 0.75, 0.75]
519;0.6000000000000001;0.4;0.75;[0.75, 0.75, 0.75, 0.75]
520;0.6000000000000001;0.5;0.75;[0.75, 0.75, 0.75, 0.75]
521;0.9;0.3;0.75;[0.75, 0.75, 0.75, 0.75]
522;0.9;0.4;0.75;[0.75, 0.75, 0.75, 0.75]
523;0.9;0.5;0.75;[0.75, 0.75, 0.75, 0.75]
524;0.8;0.3;0.75;[0.75, 0.75, 0.75, 0.75]
525;0.8;0.4;0.75;[0.75, 0.75, 0.75, 0.75]
526;0.8;0.5;0.75;[0.75, 0.75, 0.75, 0.75]
527;0.7000000000000001;0.3;0.75;[0.75, 0.75, 0.75, 0.75]
528;0.7000000000000001;0.4;0.75;[0.75, 0.75, 0.75, 0.75]
529;0.7000000000000001;0.5;0.75;[0.75, 0.75, 0.75, 0.75]
530;0.6000000000000001;0.3;0.75;[0.75, 0.75, 0.75, 0.75]
531;0.6000000000000001;0.4;0.75;[0.75, 0.75, 0.75, 0.75]
532;0.6000000000000001;0.5;0.75;[0.75, 0.75, 0.75, 0.75]
533;0.9;0.3;0.75;[0.75, 0.75, 0.75, 0.75]
534;0.9;0.4;0.75;[0.75, 0.75, 0.75, 0.75]
535;0.9;0.5;0.75;[0.75, 0.75, 0.75, 0.75]
536;0.8;0.3;0.75;[0.75, 0.75, 0.75, 0.75]
537;0.8;0.4;0.75;[0.75, 0.75, 0.75, 0.75]
538;0.8;0.5;0.75;[0.75, 0.75, 0.75, 0.75]
539;0.7000000000000001;0.3;0.75;[0.75, 0.75, 0.75, 0.75]
540;0.7000000000000001;0.4;0.75;[0.75, 0.75, 0.75, 0.75]
541;0.7000000000000001;0.5;0.75;[0.75, 0.75, 0.75, 0.75]
542;0.6000000000000001;0.3;0.75;[0.75, 0.75, 0.75]
543;0.6000000000000001;0.4;0.75;[0.75, 0.75, 0.75]
544;0.6000000000000001;0.5;0.75;[0.75, 0.75, 0.75]
545;0.9;0.3;0.75;[0.75, 0.75, 0.75, 0.75]
546;0.9;0.4;0.75;[0.75, 0.75, 0.75, 0.75]
547;0.9;0.5;0.75;[0.75, 0.75, 0.75, 0.75]
548;0.8;0.3;0.75;[0.75, 0.75, 0.75, 0.75]
549;0.8;0.4;0.75;[0.75, 0.75, 0.75, 0.75]
550;0.8;0.5;0.75;[0.75, 0.75, 0.75, 0.75]
551;0.7000000000000001;0.3;0.75;[0.75, 0.75, 0.75, 0.75, 0.75]
552;0.7000000000000001;0.4;0.75;[0.75, 0.75, 0.75, 0.75, 0.75]
553;0.7000000000000001;0.5;0.75;[0.75, 0.75, 0.75, 0.75, 0.75]
554;0.6000000000000001;0.3;0.75;[0.75, 0.75, 0.75, 0.75]
555;0.6000000000000001;0.4;0.75;[0.75, 0.75, 0.75, 0.75]
556;0.6000000000000001;0.5;0.75;[0.75, 0.75, 0.75, 0.75]
557;0.9;0.3;1.0;[1.0, 1.0, 1.0]
558;0.9;0.4;0.09999999999999998;[0.09999999999999998, 0.09999999999999998, 0.09999999999999998]
559;0.9;0.5;0.09999999999999998;[0.09999999999999998, 0.09999999999999998, 0.09999999999999998]
560;0.8;0.3;0.09999999999999998;[0.09999999999999998, 0.09999999999999998, 0.09999999999999998]
561;0.8;0.4;0.19999999999999996;[0.19999999999999996, 0.19999999999999996, 0.19999999999999996]
562;0.8;0.5;0.19999999999999996;[0.19999999999999996, 0.19999999999999996, 0.19999999999999996]
563;0.7000000000000001;0.3;0.19999999999999996;[0.19999999999999996, 0.19999999999999996, 0.19999999999999996]
564;0.7000000000000001;0.4;0.29999999999999993;[0.29999999999999993, 0.29999999999999993, 0.29999999999999993]
565;0.7000000000000001;0.5;0.29999999999999993;[0.29999999999999993, 0.29999999999999993, 0.29999999999999993]
566;0.6000000000000001;0.3;0.29999999999999993;[0.29999999999999993, 0.29999999999999993, 0.29999999999999993]
567;0.6000000000000001;0.4;0.3999999999999999;[0.3999999999999999, 0.3999999999999999, 0.3999999999999999]
568;0.6000000000000001;0.5;0.3999999999999999;[0.3999999999999999, 0.3999999999999999, 0.3999999999999999]
569;0.9;0.3;0.75;[0.75, 0.75, 0.75, 0.75, 0.75]
570;0.9;0.4;0.75;[0.75, 0.75, 0.75, 0.75, 0.75]
571;0.9;0.5;0.75;[0.75, 0.75, 0.75, 0.75, 0.75]
572;0.8;0.3;0.75;[0.75, 0.75, 0.75]
573;0.8;0.4;0.75;[0.75, 0.75, 0.75]
574;0.8;0.5;0.75;[0.75, 0.75, 0.75]
575;0.7000000000000001;0.3;0.75;[0.75, 0.75, 0.75]
576;0.7000000000000001;0.4;0.75;[0.75, 0.75, 0.75]
577;0.7000000000000001;0.5;0.75;[0.75, 0.75, 0.75]
578;0.6000000000000001;0.3;0.75;[0.75, 0.75, 0.75]
579;0.6000000000000001;0.4;0.75;[0.75, 0.75, 0.75]
580;0.6000000000000001;0.5;0.75;[0.75, 0.75, 0.75]
501;0.9;0.3;0.75;[0.75, 0.75, 0.75]
502;0.9;0.4;0.75;[0.75, 0.75, 0.75]
503;0.9;0.5;0.75;[0.75, 0.75, 0.75]
504;0.8;0.3;0.75;[0.75, 0.75, 0.75]
505;0.8;0.4;0.75;[0.75, 0.75, 0.75]
506;0.8;0.5;0.75;[0.75, 0.75, 0.75]
507;0.7000000000000001;0.3;0.75;[0.75, 0.75, 0.75]
508;0.7000000000000001;0.4;0.75;[0.75, 0.75, 0.75]
509;0.7000000000000001;0.5;0.75;[0.75, 0.75, 0.75]
510;0.6000000000000001;0.3;0.75;[0.75, 0.75, 0.75]
511;0.6000000000000001;0.4;0.75;[0.75, 0.75, 0.75]
512;0.6000000000000001;0.5;0.75;[0.75, 0.75, 0.75]
513;0.9;0.3;0.75;[0.75, 0.75, 0.75, 0.75, 0.75]
514;0.9;0.4;0.75;[0.75, 0.75, 0.75, 0.75, 0.75]
515;0.9;0.5;0.75;[0.75, 0.75, 0.75, 0.75, 0.75]
516;0.8;0.3;0.75;[0.75, 0.75, 0.75, 0.75, 0.75]
517;0.8;0.4;0.75;[0.75, 0.75, 0.75, 0.75, 0.75]
518;0.8;0.5;0.75;[0.75, 0.75, 0.75, 0.75, 0.75]
519;0.7000000000000001;0.3;0.75;[0.75, 0.75, 0.75, 0.75]
520;0.7000000000000001;0.4;0.75;[0.75, 0.75, 0.75, 0.75]
521;0.7000000000000001;0.5;0.75;[0.75, 0.75, 0.75, 0.75]
522;0.6000000000000001;0.3;0.75;[0.75, 0.75, 0.75, 0.75]
523;0.6000000000000001;0.4;0.75;[0.75, 0.75, 0.75, 0.75]
524;0.6000000000000001;0.5;0.75;[0.75, 0.75, 0.75, 0.75]
525;0.9;0.3;0.75;[0.75, 0.75, 0.75, 0.75]
526;0.9;0.4;0.75;[0.75, 0.75, 0.75, 0.75]
527;0.9;0.5;0.75;[0.75, 0.75, 0.75, 0.75]
528;0.8;0.3;0.75;[0.75, 0.75, 0.75, 0.75]
529;0.8;0.4;0.75;[0.75, 0.75, 0.75, 0.75]
530;0.8;0.5;0.75;[0.75, 0.75, 0.75, 0.75]
531;0.7000000000000001;0.3;0.75;[0.75, 0.75, 0.75, 0.75]
532;0.7000000000000001;0.4;0.75;[0.75, 0.75, 0.75, 0.75]
533;0.7000000000000001;0.5;0.75;[0.75, 0.75, 0.75, 0.75]
534;0.6000000000000001;0.3;0.75;[0.75, 0.75, 0.75, 0.75]
535;0.6000000000000001;0.4;0.75;[0.75, 0.75, 0.75, 0.75]
536;0.6000000000000001;0.5;0.75;[0.75, 0.75, 0.75, 0.75]
537;0.9;0.3;0.75;[0.75, 0.75, 0.75]
538;0.9;0.4;0.75;[0.75, 0.75, 0.75]
539;0.9;0.5;0.75;[0.75, 0.75, 0.75]
540;0.8;0.3;0.75;[0.75, 0.75, 0.75]
541;0.8;0.4;0.75;[0.75, 0.75, 0.75]
542;0.8;0.5;0.75;[0.75, 0.75, 0.75]
543;0.7000000000000001;0.3;0.75;[0.75, 0.75, 0.75]
544;0.7000000000000001;0.4;0.75;[0.75, 0.75, 0.75]
545;0.7000000000000001;0.5;0.75;[0.75, 0.75, 0.75]
546;0.6000000000000001;0.3;0.75;[0.75, 0.75, 0.75]
547;0.6000000000000001;0.4;0.75;[0.75, 0.75, 0.75]
548;0.6000000000000001;0.5;0.75;[0.75, 0.75, 0.75]
549;0.9;0.3;0.75;[0.75, 0.75, 0.75, 0.75]
550;0.9;0.4;0.75;[0.75, 0.75, 0.75, 0.75]
551;0.9;0.5;0.75;[0.75, 0.75, 0.75, 0.75]
552;0.8;0.3;0.75;[0.75, 0.75, 0.75]
553;0.8;0.4;0.75;[0.75, 0.75, 0.75]
554;0.8;0.5;0.75;[0.75, 0.75, 0.75]
555;0.7000000000000001;0.3;0.75;[0.75, 0.75, 0.75]
556;0.7000000000000001;0.4;0.75;[0.75, 0.75, 0.75]
557;0.7000000000000001;0.5;0.75;[0.75, 0.75, 0.75]
558;0.6000000000000001;0.3;0.75;[0.75, 0.75, 0.75]
559;0.6000000000000001;0.4;0.75;[0.75, 0.75, 0.75]
560;0.6000000000000001;0.5;0.75;[0.75, 0.75, 0.75]
561;0.9;0.3;0.75;[0.75, 0.75, 0.75, 0.75]
562;0.9;0.4;0.75;[0.75, 0.75, 0.75, 0.75]
563;0.9;0.5;0.75;[0.75, 0.75, 0.75, 0.75]
564;0.8;0.3;0.75;[0.75, 0.75, 0.75, 0.75]
565;0.8;0.4;0.75;[0.75, 0.75, 0.75, 0.75]
566;0.8;0.5;0.75;[0.75, 0.75, 0.75, 0.75]
567;0.7000000000000001;0.3;0.75;[0.75, 0.75, 0.75, 0.75]
568;0.7000000000000001;0.4;0.75;[0.75, 0.75, 0.75, 0.75]
569;0.7000000000000001;0.5;0.75;[0.75, 0.75, 0.75, 0.75]
570;0.6000000000000001;0.3;0.75;[0.75, 0.75, 0.75, 0.75]
571;0.6000000000000001;0.4;0.75;[0.75, 0.75, 0.75, 0.75]
572;0.6000000000000001;0.5;0.75;[0.75, 0.75, 0.75, 0.75]
573;0.9;0.3;0.75;[0.75, 0.75, 0.75, 0.75]
574;0.9;0.4;0.75;[0.75, 0.75, 0.75, 0.75]
575;0.9;0.5;0.75;[0.75, 0.75, 0.75, 0.75]
576;0.8;0.3;0.75;[0.75, 0.75, 0.75, 0.75]
577;0.8;0.4;0.75;[0.75, 0.75, 0.75, 0.75]
578;0.8;0.5;0.75;[0.75, 0.75, 0.75, 0.75]
579;0.7000000000000001;0.3;0.75;[0.75, 0.75, 0.75, 0.75]
580;0.7000000000000001;0.4;0.75;[0.75, 0.75, 0.75, 0.75]
581;0.7000000000000001;0.5;0.75;[0.75, 0.75, 0.75, 0.75]
582;0.6000000000000001;0.3;0.75;[0.75, 0.75, 0.75, 0.75]
583;0.6000000000000001;0.4;0.75;[0.75, 0.75, 0.75, 0.75]
584;0.6000000000000001;0.5;0.75;[0.75, 0.75, 0.75, 0.75]
585;0.9;0.3;0.75;[0.75, 0.75, 0.75, 0.75]
586;0.9;0.4;0.75;[0.75, 0.75, 0.75, 0.75]
587;0.9;0.5;0.75;[0.75, 0.75, 0.75, 0.75]
588;0.8;0.3;0.75;[0.75, 0.75, 0.75, 0.75]
589;0.8;0.4;0.75;[0.75, 0.75, 0.75, 0.75]
590;0.8;0.5;0.75;[0.75, 0.75, 0.75, 0.75]
591;0.7000000000000001;0.3;0.75;[0.75, 0.75, 0.75, 0.75]
592;0.7000000000000001;0.4;0.75;[0.75, 0.75, 0.75, 0.75]
593;0.7000000000000001;0.5;0.75;[0.75, 0.75, 0.75, 0.75]
594;0.6000000000000001;0.3;0.75;[0.75, 0.75, 0.75, 0.75]
595;0.6000000000000001;0.4;0.75;[0.75, 0.75, 0.75, 0.75]
596;0.6000000000000001;0.5;0.75;[0.75, 0.75, 0.75, 0.75]
597;0.9;0.3;0.75;[0.75, 0.75, 0.75]
598;0.9;0.4;0.75;[0.75, 0.75, 0.75]
599;0.9;0.5;0.75;[0.75, 0.75, 0.75]
600;0.8;0.3;0.75;[0.75, 0.75, 0.75]
601;0.8;0.4;0.75;[0.75, 0.75, 0.75]
602;0.8;0.5;0.75;[0.75, 0.75, 0.75]
603;0.7000000000000001;0.3;0.75;[0.75, 0.75, 0.75]
604;0.7000000000000001;0.4;0.75;[0.75, 0.75, 0.75]
605;0.7000000000000001;0.5;0.75;[0.75, 0.75, 0.75]
606;0.6000000000000001;0.3;0.75;[0.75, 0.75, 0.75]
607;0.6000000000000001;0.4;0.75;[0.75, 0.75, 0.75]
608;0.6000000000000001;0.5;0.75;[0.75, 0.75, 0.75]
609;0.9;0.3;0.75;[0.75, 0.75, 0.75]
610;0.9;0.4;0.75;[0.75, 0.75, 0.75]
611;0.9;0.5;0.75;[0.75, 0.75, 0.75]
612;0.8;0.3;0.75;[0.75, 0.75, 0.75]
613;0.8;0.4;0.75;[0.75, 0.75, 0.75]
614;0.8;0.5;0.75;[0.75, 0.75, 0.75]
615;0.7000000000000001;0.3;0.75;[0.75, 0.75, 0.75]
616;0.7000000000000001;0.4;0.75;[0.75, 0.75, 0.75]
617;0.7000000000000001;0.5;0.75;[0.75, 0.75, 0.75]
618;0.6000000000000001;0.3;0.75;[0.75, 0.75, 0.75]
619;0.6000000000000001;0.4;0.75;[0.75, 0.75, 0.75]
620;0.6000000000000001;0.5;0.75;[0.75, 0.75, 0.75]
621;0.9;0.3;1.0;[1.0, 1.0, 1.0]
622;0.9;0.4;0.09999999999999998;[0.09999999999999998, 0.09999999999999998, 0.09999999999999998]
623;0.9;0.5;0.09999999999999998;[0.09999999999999998, 0.09999999999999998, 0.09999999999999998]
624;0.8;0.3;0.09999999999999998;[0.09999999999999998, 0.09999999999999998, 0.09999999999999998]
625;0.8;0.4;0.19999999999999996;[0.19999999999999996, 0.19999999999999996, 0.19999999999999996]
626;0.8;0.5;0.19999999999999996;[0.19999999999999996, 0.19999999999999996, 0.19999999999999996]
627;0.7000000000000001;0.3;0.19999999999999996;[0.19999999999999996, 0.19999999999999996, 0.19999999999999996]
628;0.7000000000000001;0.4;0.29999999999999993;[0.29999999999999993, 0.29999999999999993, 0.29999999999999993]
629;0.7000000000000001;0.5;0.29999999999999993;[0.29999999999999993, 0.29999999999999993, 0.29999999999999993]
630;0.6000000000000001;0.3;0.29999999999999993;[0.29999999999999993, 0.29999999999999993, 0.29999999999999993]
631;0.6000000000000001;0.4;0.3999999999999999;[0.3999999999999999, 0.3999999999999999, 0.3999999999999999]
632;0.6000000000000001;0.5;0.3999999999999999;[0.3999999999999999, 0.3999999999999999, 0.3999999999999999]
633;0.9;0.3;0.75;[0.75, 0.75, 0.75, 0.75, 0.75]
634;0.9;0.4;0.75;[0.75, 0.75, 0.75, 0.75, 0.75]
635;0.9;0.5;0.75;[0.75, 0.75, 0.75, 0.75, 0.75]
636;0.8;0.3;0.75;[0.75, 0.75, 0.75, 0.75, 0.75]
637;0.8;0.4;0.75;[0.75, 0.75, 0.75, 0.75, 0.75]
638;0.8;0.5;0.75;[0.75, 0.75, 0.75, 0.75, 0.75]
639;0.7000000000000001;0.3;0.75;[0.75, 0.75, 0.75, 0.75]
640;0.7000000000000001;0.4;0.75;[0.75, 0.75, 0.75, 0.75]
641;0.7000000000000001;0.5;0.75;[0.75, 0.75, 0.75, 0.75]
642;0.6000000000000001;0.3;0.75;[0.75, 0.75, 0.75]
643;0.6000000000000001;0.4;0.75;[0.75, 0.75, 0.75]
644;0.6000000000000001;0.5;0.75;[0.75, 0.75, 0.75]
645;0.9;0.3;1.0;[1.0, 1.0, 1.0]
646;0.9;0.4;0.09999999999999998;[0.09999999999999998, 0.09999999999999998, 0.09999999999999998]
647;0.9;0.5;0.09999999999999998;[0.09999999999999998, 0.09999999999999998, 0.09999999999999998]
648;0.8;0.3;0.09999999999999998;[0.09999999999999998, 0.09999999999999998, 0.09999999999999998]
649;0.8;0.4;0.19999999999999996;[0.19999999999999996, 0.19999999999999996, 0.19999999999999996]
650;0.8;0.5;0.19999999999999996;[0.19999999999999996, 0.19999999999999996, 0.19999999999999996]
651;0.7000000000000001;0.3;0.19999999999999996;[0.19999999999999996, 0.19999999999999996, 0.19999999999999996]
652;0.7000000000000001;0.4;0.29999999999999993;[0.29999999999999993, 0.29999999999999993, 0.29999999999999993]
653;0.7000000000000001;0.5;0.29999999999999993;[0.29999999999999993, 0.29999999999999993, 0.29999999999999993]
654;0.6000000000000001;0.3;0.29999999999999993;[0.29999999999999993, 0.29999999999999993, 0.29999999999999993]
655;0.6000000000000001;0.4;0.3999999999999999;[0.3999999999999999, 0.3999999999999999, 0.3999999999999999]
656;0.6000000000000001;0.5;0.3999999999999999;[0.3999999999999999, 0.3999999999999999, 0.3999999999999999]
657;0.9;0.3;0.75;[0.75, 0.75, 0.75, 0.75]
658;0.9;0.4;0.75;[0.75, 0.75, 0.75, 0.75]
659;0.9;0.5;0.75;[0.75, 0.75, 0.75, 0.75]
660;0.8;0.3;0.75;[0.75, 0.75, 0.75, 0.75]
661;0.8;0.4;0.75;[0.75, 0.75, 0.75, 0.75]
662;0.8;0.5;0.75;[0.75, 0.75, 0.75, 0.75]
663;0.7000000000000001;0.3;0.75;[0.75, 0.75, 0.75, 0.75, 0.75]
664;0.7000000000000001;0.4;0.75;[0.75, 0.75, 0.75, 0.75, 0.75]
665;0.7000000000000001;0.5;0.75;[0.75, 0.75, 0.75, 0.75, 0.75]
666;0.6000000000000001;0.3;0.75;[0.75, 0.75, 0.75]
667;0.6000000000000001;0.4;0.75;[0.75, 0.75, 0.75]
668;0.6000000000000001;0.5;0.75;[0.75, 0.75, 0.75]
669;0.9;0.3;0.75;[0.75, 0.75, 0.75]
670;0.9;0.4;0.75;[0.75, 0.75, 0.75]
671;0.9;0.5;0.75;[0.75, 0.75, 0.75]
672;0.8;0.3;0.75;[0.75, 0.75, 0.75]
673;0.8;0.4;0.75;[0.75, 0.75, 0.75]
674;0.8;0.5;0.75;[0.75, 0.75, 0.75]
675;0.7000000000000001;0.3;0.75;[0.75, 0.75, 0.75]
676;0.7000000000000001;0.4;0.75;[0.75, 0.75, 0.75]
677;0.7000000000000001;0.5;0.75;[0.75, 0.75, 0.75]
678;0.6000000000000001;0.3;0.75;[0.75, 0.75, 0.75]
679;0.6000000000000001;0.4;0.75;[0.75, 0.75, 0.75]
680;0.6000000000000001;0.5;0.75;[0.75, 0.75, 0.75]
681;0.9;0.3;0.75;[0.75, 0.75, 0.75]
682;0.9;0.4;0.75;[0.75, 0.75, 0.75]
683;0.9;0.5;0.75;[0.75, 0.75, 0.75]
684;0.8;0.3;0.75;[0.75, 0.75, 0.75]
685;0.8;0.4;0.75;[0.75, 0.75, 0.75]
686;0.8;0.5;0.75;[0.75, 0.75, 0.75]
687;0.7000000000000001;0.3;0.75;[0.75, 0.75, 0.75]
688;0.7000000000000001;0.4;0.75;[0.75, 0.75, 0.75]
689;0.7000000000000001;0.5;0.75;[0.75, 0.75, 0.75]
690;0.6000000000000001;0.3;0.75;[0.75, 0.75, 0.75]
691;0.6000000000000001;0.4;0.75;[0.75, 0.75, 0.75]
692;0.6000000000000001;0.5;0.75;[0.75, 0.75, 0.75]
